{"type":"APL","version":"2023.1","license":"Copyright 2023 Amazon.com, Inc. or its affiliates. All Rights Reserved.\nSPDX-License-Identifier: LicenseRef-.amazon.com.-AmznSL-1.0\nLicensed under the Amazon Software License  http://aws.amazon.com/asl/","import":[{"name":"alexa-layouts","version":"1.7.0"}],"mainTemplate":{"parameters":["payload"],"items":[{"type":"AlexaDetail","id":"plantDetail","detailType":"location","detailImageAlignment":"right","headerTitle":"${payload.detailImageRightData.title}","headerSubtitle":"${payload.detailImageRightData.subtitle}","imageBlurredBackground":false,"imageScale":"best-fill","imageSource":"${payload.detailImageRightData.image.sources[0].url}","imageCaption":"${payload.detailImageRightData.image.contentDescription}","primaryText":"${payload.detailImageRightData.textContent.primaryText.text}","locationText":"${payload.detailImageRightData.textContent.locationText.text}","secondaryText":"${payload.detailImageRightData.textContent.secondaryText.text}","backgroundImageSource":"${payload.detailImageRightData.backgroundImage.sources[0].url}","theme":"dark"}]},"layouts":{}}