{"detailImageRightData":{"type":"object","objectId":"detailImageRightSample","backgroundImage":{"contentDescription":null,"smallSourceUrl":null,"largeSourceUrl":null,"sources":[{"url":"https://images.unsplash.com/photo-1588421357574-87938a86fa28?ixlib=rb-4.0.3&ixid=M3wxMjA3fDB8MHxleHBsb3JlLWZlZWR8Mnx8fGVufDB8fHx8fA%3D%3D&w=1000&q=80","size":"large"}]},"title":"Recomendaciones","subtitle":"Cuidado para la salud","image":{"contentDescription":"","smallSourceUrl":null,"largeSourceUrl":null,"sources":[{"url":"https://i.pinimg.com/originals/c2/f2/90/c2f29099d0e78e9b59c3e8b5338dccef.jpg"}]},"textContent":{"primaryText":{"type":"PlainText","text":"COLESTEROL"},"locationText":{"type":"PlainText","text":"La causa mas comun del colesterol es por llevar una vida muy poco saludable derivado de una mala alimentacion "},"secondaryText":{"type":"PlainText","text":"La recomendacion es que acuda con un experto en el tema del colesterol, el cual le de metodos para que pueda alimentarse mejor y hacerse de buenos habitos"}}}}