{
  "manifest": {
    "publishingInformation": {
      "locales": {
        "en-US": {
          "summary": "It is an informative type skill and with a small geolocation system",
          "examplePhrases": [
            "Alexa open more health",
            "I have another disease",
            "i have diabetes"
          ],
          "keywords": [
            "disease",
            "clinic",
            "recommendation",
            "health"
          ],
          "name": "skill project",
          "description": "This skill is in charge of offering information regarding different diseases and giving recommendations regarding different clinics and their location so that the user knows where they are.",
          "smallIconUri": "file://assets/images/en-US_smallIconUri.png",
          "updatesDescription": "Only the application of an API in its operation, in addition to being an informative skill",
          "largeIconUri": "file://assets/images/en-US_largeIconUri.png"
        },
        "es-MX": {
          "summary": "Es una skill de tipo informativa y con un pequeño sistema de geolocalizacion",
          "examplePhrases": [
            "Alexa abre mas salud",
            "padezco otra enfermedad",
            "tengo diabetes"
          ],
          "keywords": [
            "enfermedad",
            "clinica",
            "recomendacion",
            "salud"
          ],
          "name": "skill proyecto",
          "description": "Esta skill se encarga de ofrecer información respecto a diferentes enfermedades y dar recomendaciones respecto a diferentes clinicas y su ubicacion para que el usuario sepa donde se encuentra",
          "smallIconUri": "file://assets/images/es-MX_smallIconUri.png",
          "updatesDescription": "Solo la aplicacion de un API en el funcionamiento de este, ademas de ser una skill informativa",
          "largeIconUri": "file://assets/images/es-MX_largeIconUri.png"
        }
      },
      "automaticDistribution": {
        "isActive": false
      },
      "isAvailableWorldwide": false,
      "testingInstructions": "{\"ask_dist_username\":\"\",\"ask_dist_password\":\"\",\"ask_dist_testing_instructions\":\"Sample Testing Instructions.\"}",
      "category": "EDUCATION_AND_REFERENCE",
      "distributionMode": "PUBLIC",
      "distributionCountries": [
        "MX"
      ]
    },
    "apis": {
      "custom": {
        "endpoint": {
          "uri": "arn:aws:lambda:us-east-1:046533039791:function:fe58e120-a457-4d74-b88b-bf2339ddb06f:Release_0"
        },
        "interfaces": [
          {
            "supportedViewports": [
              {
                "minHeight": 100,
                "mode": "HUB",
                "shape": "ROUND",
                "maxHeight": 599,
                "minWidth": 100,
                "maxWidth": 599
              },
              {
                "minHeight": 100,
                "mode": "HUB",
                "shape": "RECTANGLE",
                "maxHeight": 599,
                "minWidth": 960,
                "maxWidth": 1279
              },
              {
                "minHeight": 600,
                "mode": "HUB",
                "shape": "RECTANGLE",
                "maxHeight": 959,
                "minWidth": 960,
                "maxWidth": 1279
              },
              {
                "minHeight": 600,
                "mode": "HUB",
                "shape": "RECTANGLE",
                "maxHeight": 1279,
                "minWidth": 1280,
                "maxWidth": 1920
              },
              {
                "minHeight": 960,
                "mode": "HUB",
                "shape": "RECTANGLE",
                "maxHeight": 1279,
                "minWidth": 1920,
                "maxWidth": 2560
              },
              {
                "minHeight": 1920,
                "mode": "HUB",
                "shape": "RECTANGLE",
                "maxHeight": 2560,
                "minWidth": 960,
                "maxWidth": 1279
              },
              {
                "minHeight": 540,
                "mode": "TV",
                "shape": "RECTANGLE",
                "maxHeight": 540,
                "minWidth": 960,
                "maxWidth": 960
              },
              {
                "minHeight": 320,
                "mode": "MOBILE",
                "shape": "RECTANGLE",
                "maxHeight": 1920,
                "minWidth": 600,
                "maxWidth": 959
              },
              {
                "minHeight": 320,
                "mode": "MOBILE",
                "shape": "RECTANGLE",
                "maxHeight": 1920,
                "minWidth": 960,
                "maxWidth": 1279
              },
              {
                "minHeight": 320,
                "mode": "MOBILE",
                "shape": "RECTANGLE",
                "maxHeight": 1920,
                "minWidth": 1280,
                "maxWidth": 1920
              }
            ],
            "type": "ALEXA_PRESENTATION_APL"
          }
        ],
        "locales": {},
        "regions": {
          "EU": {
            "endpoint": {
              "uri": "arn:aws:lambda:eu-west-1:046533039791:function:fe58e120-a457-4d74-b88b-bf2339ddb06f:Release_0"
            }
          },
          "NA": {
            "endpoint": {
              "uri": "arn:aws:lambda:us-east-1:046533039791:function:fe58e120-a457-4d74-b88b-bf2339ddb06f:Release_0"
            }
          },
          "FE": {
            "endpoint": {
              "uri": "arn:aws:lambda:us-west-2:046533039791:function:fe58e120-a457-4d74-b88b-bf2339ddb06f:Release_0"
            }
          }
        }
      }
    },
    "manifestVersion": "1.0",
    "privacyAndCompliance": {
      "allowsPurchases": false,
      "locales": {
        "en-US": {},
        "es-MX": {}
      },
      "containsAds": false,
      "isExportCompliant": true,
      "isChildDirected": false,
      "shoppingKit": {
        "isShoppingActionsEnabled": false,
        "isAmazonAssociatesOnAlexaEnabled": false
      },
      "usesPersonalInfo": false
    }
  }
}