{"detailImageRightData":{"type":"object","objectId":"detailImageRightSample","backgroundImage":{"contentDescription":null,"smallSourceUrl":null,"largeSourceUrl":null,"sources":[{"url":"https://images.unsplash.com/photo-1588421357574-87938a86fa28?ixlib=rb-4.0.3&ixid=M3wxMjA3fDB8MHxleHBsb3JlLWZlZWR8Mnx8fGVufDB8fHx8fA%3D%3D&w=1000&q=80","size":"large"}]},"title":"Clinica Medica","subtitle":"Huejutla","image":{"contentDescription":"","smallSourceUrl":null,"largeSourceUrl":null,"sources":[{"url":"https://scontent.fmex10-1.fna.fbcdn.net/v/t39.30808-6/289497277_765064468198011_5447372384806283570_n.jpg?_nc_cat=107&cb=99be929b-3346023f&ccb=1-7&_nc_sid=09cbfe&_nc_eui2=AeHZ8OSRU2PgKu35gMpIJcN9LxQgKdM6fh0vFCAp0zp-HXcQ2pjwKRcyXxytSHhs28O1TYc6lMRqIMIk0vxwD77M&_nc_ohc=JbVoUHIt4H8AX9jqz9y&_nc_zt=23&_nc_ht=scontent.fmex10-1.fna&oh=00_AfBydF2GI_QTFby0g8kFpHrauxv7jBMlJMTR8YjKg9MynA&oe=64B2DBA5","size":"large"}]},"textContent":{"primaryText":{"type":"PlainText","text":"Clinica Medica 21"},"rating":{"number":4,"text":"268"},"locationText":{"type":"PlainText","text":"57 Juarez Centro<br />Huejutla, HGO<br />(253) 387-0290"},"secondaryText":{"type":"PlainText","text":"Abierto de 9:00 AM - 4:00 PM<br /><br />"}},"buttons":[{"text":"Llamar"},{"text":"¿Como llegar?"}],"logoUrl":"https://scontent.fmex10-1.fna.fbcdn.net/v/t39.30808-6/290761287_767205661317225_5502001730336324544_n.jpg?_nc_cat=111&cb=99be929b-3346023f&ccb=1-7&_nc_sid=e3f864&_nc_eui2=AeEiAioPqDHmmEbMnEvgTIlqazWJKiHBPpVrNYkqIcE-lSys9UTuH90ws0hjtIxx-mFIRjfxguIHh_EzJqZ7I0NU&_nc_ohc=GDWWnnSVCxIAX_meZWK&_nc_zt=23&_nc_ht=scontent.fmex10-1.fna&oh=00_AfC16SKmRD03YtE_v35Gx8ChoBP22OiDA_lL9mQaiBnAsg&oe=64B2B27F"}}