{"headlineTemplateData":{"type":"object","objectId":"headlineSample","properties":{"backgroundImage":{"contentDescription":null,"smallSourceUrl":null,"largeSourceUrl":null,"sources":[{"url":"https://c4.wallpaperflare.com/wallpaper/232/159/577/adult-doctor-girl-healthcare-wallpaper-preview.jpg","size":"large"}]},"textContent":{"primaryText":{"type":"PlainText","text":"Search + Salud"}},"logoUrl":"https://github.com/SergioooAGS/ProyE/blob/main/REMASTER.png?raw=true","hintText":"Prueba a decir, 'Alexa Muestrame las enfermedades mas comunes'","welcomeSpeechSSML":"<speak><amazon:emotion name='excited' intensity='medium'>Welcome to The Daily Plant Facts</amazon:emotion></speak>"},"transformers":[{"inputPath":"welcomeSpeechSSML","transformer":"ssmlToSpeech","outputName":"welcomeSpeech"}]}}