{"detailImageRightData":{"type":"object","objectId":"detailImageRightSample","backgroundImage":{"contentDescription":null,"smallSourceUrl":null,"largeSourceUrl":null,"sources":[{"url":"https://images.unsplash.com/photo-1588421357574-87938a86fa28?ixlib=rb-4.0.3&ixid=M3wxMjA3fDB8MHxleHBsb3JlLWZlZWR8Mnx8fGVufDB8fHx8fA%3D%3D&w=1000&q=80","size":"large"}]},"title":"Recomendaciones","subtitle":"Cuidados para la salud","image":{"smallSourceUrl":null,"largeSourceUrl":null,"sources":[{"url":"https://www.sanatorio-americano.com.ar/assets/novedades/nov_artritis_reumatoide2505.jpg"}]},"textContent":{"primaryText":{"type":"PlainText","text":"Artritis"},"locationText":{"type":"PlainText","text":"La artritis consta en una inflamacion de las articulaciones que causa dolor e incluso deformaciones."},"secondaryText":{"type":"PlainText","text":"La recomendacion es que busque un especialista dentro de una clinica para su tratamiento, ademas de no llevar a sus limites las areas afectadas"}}}}