{"textListData":{"type":"object","objectId":"textListSample","backgroundImage":{"contentDescription":null,"smallSourceUrl":null,"largeSourceUrl":null,"sources":[{"url":"https://images.unsplash.com/photo-1588421357574-87938a86fa28?ixlib=rb-4.0.3&ixid=M3wxMjA3fDB8MHxleHBsb3JlLWZlZWR8Mnx8fGVufDB8fHx8fA%3D%3D&w=1000&q=80","size":"large"}]},"title":"Recomendaciones","listItems":[{"primaryText":"Diabetes de los tres tipos","primaryAction":[{"type":"SetValue","componentId":"plantList","property":"headerTitle","value":"${payload.textListData.listItems[0].primaryText} fue seleccionada"}]},{"primaryText":"Colesterol","primaryAction":[{"type":"SetValue","componentId":"plantList","property":"headerTitle","value":"${payload.textListData.listItems[1].primaryText} fue seleccionada"}]},{"primaryText":"Artritis","primaryAction":[{"type":"SetValue","componentId":"plantList","property":"headerTitle","value":"${payload.textListData.listItems[2].primaryText} fue seleccionada"}]},{"primaryText":"Hipertension","primaryAction":[{"type":"SetValue","componentId":"plantList","property":"headerTitle","value":"${payload.textListData.listItems[3].primaryText} fue seleccionada"}]},{"primaryText":"Insuficiencia cardiaca","primaryAction":[{"type":"SetValue","componentId":"plantList","property":"headerTitle","value":"${payload.textListData.listItems[4].primaryText} fue seleccionada"}]}],"logoUrl":"https://upload.wikimedia.org/wikipedia/commons/thumb/0/03/Cruz_Roja.svg/2048px-Cruz_Roja.svg.png"}}