{"type":"APL","version":"2023.2","license":"Copyright 2023 Amazon.com, Inc. or its affiliates. All Rights Reserved.\nSPDX-License-Identifier: LicenseRef-.amazon.com.-AmznSL-1.0\nLicensed under the Amazon Software License  http://aws.amazon.com/asl/","import":[{"name":"alexa-layouts","version":"1.7.0"}],"mainTemplate":{"parameters":["payload"],"items":[{"type":"AlexaDetail","id":"plantDetail","detailType":"location","detailImageAlignment":"left","headerTitle":"${payload.detailImageRightData.title}","headerSubtitle":"${payload.detailImageRightData.subtitle}","headerBackButton":true,"headerAttributionImage":"${payload.detailImageRightData.logoUrl}","imageBlurredBackground":false,"imageScale":"best-fill","imageAspectRatio":"square","imageAlignment":"right","imageSource":"${payload.detailImageRightData.image.sources[0].url}","imageCaption":"${payload.detailImageRightData.image.contentDescription}","primaryText":"${payload.detailImageRightData.textContent.primaryText.text}","ratingSlotMode":"multiple","ratingNumber":"${payload.detailImageRightData.textContent.rating.number}","ratingText":"${payload.detailImageRightData.textContent.rating.text}","locationText":"${payload.detailImageRightData.textContent.locationText.text}","secondaryText":"${payload.detailImageRightData.textContent.secondaryText.text}","button1Text":"${payload.detailImageRightData.buttons[0].text}","button2Text":"${payload.detailImageRightData.buttons[1].text}","button1Theme":"dark","button2Theme":"dark","backgroundImageSource":"${payload.detailImageRightData.backgroundImage.sources[0].url}","theme":"dark"}]}}