{"detailImageRightData":{"type":"object","objectId":"detailImageRightSample","backgroundImage":{"contentDescription":null,"smallSourceUrl":null,"largeSourceUrl":null,"sources":[{"url":"https://images.unsplash.com/photo-1588421357574-87938a86fa28?ixlib=rb-4.0.3&ixid=M3wxMjA3fDB8MHxleHBsb3JlLWZlZWR8Mnx8fGVufDB8fHx8fA%3D%3D&w=1000&q=80","size":"large"}]},"title":"SEARCH + SALUD","subtitle":"HUEJUTLA","image":{"contentDescription":"","smallSourceUrl":null,"largeSourceUrl":null,"sources":[{"url":"https://librepensador.uexternado.edu.co/wp-content/uploads/sites/5/2015/05/Star_of_life.svg_.png","size":"large"}]},"textContent":{"primaryText":{"type":"PlainText","text":"Search + SALUD"},"rating":{"number":4.5,"text":"248"},"locationText":{"type":"PlainText","text":"43090 <br />HUEJUTLA, HIDALGO<br />(771) 387-0290"},"secondaryText":{"type":"PlainText","text":"ABIERTO DE 9:00 AM - 4:00 PM<br />$$   Centro Medico, Clinicas, Atencion a Hogar<br />1.2 mi"}},"buttons":[{"text":"Llamada"},{"text":"Direccion"}],"logoUrl":"https://upload.wikimedia.org/wikipedia/commons/thumb/0/03/Cruz_Roja.svg/2048px-Cruz_Roja.svg.png"}}