{"headlineTemplateData":{"type":"object","objectId":"headlineSample","properties":{"backgroundImage":{"contentDescription":null,"smallSourceUrl":null,"largeSourceUrl":null,"sources":[{"url":"https://i.pinimg.com/originals/fa/59/71/fa59718b21cb5ceebbfa5fbfcea25471.gif","size":"large"}]},"textContent":{"primaryText":{"type":"PlainText","text":"Hasta pronto"},"secondaryText":{"type":"PlainText","text":"Hasta pronto"}},"logoUrl":"https://github.com/SergioooAGS/ProyE/blob/main/REMASTER.png?raw=true","hintText":"Le deseamos un buen dia!","welcomeSpeechSSML":"<speak><amazon:emotion name='excited' intensity='medium'>Welcome to The Daily Plant Facts</amazon:emotion></speak>"},"transformers":[{"inputPath":"welcomeSpeechSSML","transformer":"ssmlToSpeech","outputName":"welcomeSpeech"}]}}